Overview	نمای کلی	عمومي کتنه	نظرة عامة
Websites	وب‌سایت‌ها	وېبپاڼې	المواقع
Pages	صفحه‌ها	پاڼې	الصفحات
Theme & Appearance	پوسته و ظاهر	بڼه او پوښ	القالب والمظهر
Appearance	ظاهر	بڼه	المظهر
Media library	کتابخانه رسانه	د رسنیو کتابتون	مكتبة الوسائط
Templates	قالب‌ها	قالبونه	النماذج
Languages	زبان‌ها	ژبې	اللغات
Currencies	ارزها	اسعار	العملات
Menus	فهرست‌ها	غورنۍ	القوائم
Global components	اجزای سراسری	ګډې برخې	المكونات العامة
Team	تیم	ډله	الفريق
Settings	تنظیمات	امستنې	الإعدادات
Users & roles	کاربران و نقش‌ها	کارنان او رولونه	المستخدمون والأدوار
Activity log	گزارش فعالیت	د فعالیتونو ثبت	سجل النشاط
Inbox	صندوق پیام‌ها	د پیغامونو صندوق	صندوق الوارد
Products	محصولات	محصولات	المنتجات
Orders	سفارش‌ها	سپارښتنې	الطلبات
Name	نام	نوم	الاسم
Full name	نام کامل	بشپړ نوم	الاسم الكامل
Email address	نشانی ایمیل	برېښنالیک پته	البريد الإلكتروني
Password	رمز عبور	پټنوم	كلمة المرور
Current password	رمز عبور فعلی	اوسنی پټنوم	كلمة المرور الحالية
New password	رمز عبور جدید	نوی پټنوم	كلمة المرور الجديدة
Confirm password	تأیید رمز عبور	پټنوم تایید کړئ	تأكيد كلمة المرور
Change password	تغییر رمز عبور	پټنوم بدلول	تغيير كلمة المرور
Save	ذخیره	خوندي کول	حفظ
Cancel	لغو	لغوه کول	إلغاء
Delete	حذف	ړنګول	حذف
Edit	ویرایش	سمون	تعديل
Add	افزودن	زیاتول	إضافة
Create	ایجاد	جوړول	إنشاء
Close	بستن	تړل	إغلاق
Continue	ادامه	دوام	متابعة
Back	بازگشت	شاته	رجوع
Previous	قبلی	مخکینی	السابق
Next	بعدی	بل	التالي
Remove	برداشتن	لرې کول	إزالة
Retry	تلاش دوباره	بیا هڅه	إعادة المحاولة
Search	جستجو	لټون	بحث
Title	عنوان	سرلیک	العنوان
Description	توضیحات	تشریح	الوصف
Status	وضعیت	حالت	الحالة
Actions	عملیات	کړنې	الإجراءات
Language	زبان	ژبه	اللغة
Currency	ارز	اسعار	العملة
Default	پیش‌فرض	اصلي	افتراضي
Default language	زبان پیش‌فرض	اصلي ژبه	اللغة الافتراضية
Default currency	ارز پیش‌فرض	اصلي اسعار	العملة الافتراضية
Domain	دامنه	ډومېن	النطاق
Website name	نام وب‌سایت	د وېبپاڼې نوم	اسم الموقع
Website status	وضعیت وب‌سایت	د وېبپاڼې حالت	حالة الموقع
Website settings	تنظیمات وب‌سایت	د وېبپاڼې امستنې	إعدادات الموقع
Website tools	ابزارهای وب‌سایت	د وېبپاڼې وسیلې	أدوات الموقع
Visit website	دیدن وب‌سایت	وېبپاڼه کتل	زيارة الموقع
Manage site	مدیریت وب‌سایت	وېبپاڼه اداره کول	إدارة الموقع
Create website	ایجاد وب‌سایت	وېبپاڼه جوړول	إنشاء موقع
Create page	ایجاد صفحه	پاڼه جوړول	إنشاء صفحة
Edit page	ویرایش صفحه	پاڼه سمول	تعديل الصفحة
Page title	عنوان صفحه	د پاڼې سرلیک	عنوان الصفحة
Page settings	تنظیمات صفحه	د پاڼې امستنې	إعدادات الصفحة
Page structure	ساختار صفحه	د پاڼې جوړښت	بنية الصفحة
Content	محتوا	منځپانګه	المحتوى
Content language	زبان محتوا	د منځپانګې ژبه	لغة المحتوى
Preview	پیش‌نمایش	مخکتنه	معاينة
Publish	انتشار	خپرول	نشر
Save draft	ذخیره پیش‌نویس	مسوده خوندي کول	حفظ المسودة
draft	پیش‌نویس	مسوده	مسودة
published	منتشرشده	خپور شوی	منشور
scheduled	زمان‌بندی‌شده	مهالویش شوی	مجدول
archived	بایگانی‌شده	آرشیف شوی	مؤرشف
active	فعال	فعال	نشط
pending	در انتظار	په تمه	قيد الانتظار
confirmed	تأییدشده	تایید شوی	مؤكد
fulfilled	تحویل‌شده	سپارل شوی	تم التنفيذ
cancelled	لغوشده	لغوه شوی	ملغى
paid	پرداخت‌شده	ورکړل شوی	مدفوع
unpaid	پرداخت‌نشده	نه دی ورکړل شوی	غير مدفوع
new	جدید	نوی	جديد
read	خوانده‌شده	لوستل شوی	مقروء
subscribed	عضو تأییدشده	تایید شوی ګډونوال	مشترك مؤكد
unsubscribed	لغو عضویت	ګډون لغوه شوی	أُلغي الاشتراك
All pages	همه صفحه‌ها	ټولې پاڼې	كل الصفحات
All websites	همه وب‌سایت‌ها	ټولې وېبپاڼې	كل المواقع
All files	همه فایل‌ها	ټولې دوتنې	كل الملفات
Theme	پوسته	پوښ	القالب
Colors	رنگ‌ها	رنګونه	الألوان
Typography	حروف‌نگاری	لیکبڼه	الخطوط
Layout	چیدمان	جوړښت	التخطيط
Presets	ظاهرهای ذخیره‌شده	خوندي شوې بڼې	الإعدادات المحفوظة
Heading	سرعنوان	سرلیک	الترويسة
Heading font	خط عنوان	د سرلیک لیکبڼه	خط العنوان
Website font	خط وب‌سایت	د وېبپاڼې لیکبڼه	خط الموقع
Appearance mode	حالت ظاهر	د بڼې حالت	وضع المظهر
light	روشن	روښانه	فاتح
dark	تیره	تیاره	داكن
system	سیستم	سیستم	النظام
none	هیچ	هېڅ	بلا
soft	ملایم	نرم	خفيف
raised	برجسته	راپورته	بارز
Card shadow	سایه کارت	د کارت سیوری	ظل البطاقة
Save appearance	ذخیره ظاهر	بڼه خوندي کول	حفظ المظهر
Reset theme	بازنشانی پوسته	پوښ بیاټاکل	إعادة ضبط القالب
Primary & buttons	رنگ اصلی و دکمه‌ها	اصلي رنګ او تڼۍ	اللون الأساسي والأزرار
Secondary	رنگ فرعی	دوهم رنګ	اللون الثانوي
Accent	رنگ تأکیدی	ټینګار رنګ	لون التمييز
Page background	پس‌زمینه صفحه	د پاڼې شالید	خلفية الصفحة
Card surfaces	سطح کارت‌ها	د کارتونو سطحې	خلفيات البطاقات
Body text	متن اصلی	اصلي متن	النص الأساسي
Headings	عنوان‌ها	سرلیکونه	العناوين
Upload files	بارگذاری فایل‌ها	دوتنې پورته کول	رفع الملفات
Image	تصویر	انځور	صورة
Image URL	نشانی تصویر	د انځور پته	رابط الصورة
File name	نام فایل	د دوتنې نوم	اسم الملف
Folder	پوشه	پوښۍ	المجلد
Folder name	نام پوشه	د پوښۍ نوم	اسم المجلد
Parent folder	پوشه والد	اصلي پوښۍ	المجلد الأب
Alternative text	متن جایگزین	بدیل متن	النص البديل
Caption	زیرنویس	لنډه څرګندونه	التسمية التوضيحية
Save details	ذخیره جزئیات	جزیات خوندي کول	حفظ التفاصيل
Save folder	ذخیره پوشه	پوښۍ خوندي کول	حفظ المجلد
Crop, resize & optimize	برش، تغییر اندازه و بهینه‌سازی	پرېکول، اندازه بدلول او ښه کول	قص وتغيير الحجم وتحسين
Output format	قالب خروجی	د پایلې بڼه	صيغة الإخراج
Output width (pixels)	عرض خروجی (پیکسل)	د پایلې پلنوالی (پکسل)	عرض الإخراج بالبكسل
Quality (20–100)	کیفیت (۲۰–۱۰۰)	کیفیت (۲۰–۱۰۰)	الجودة (٢٠–١٠٠)
Save edited copy	ذخیره نسخه ویرایش‌شده	سمه شوې کاپي خوندي کول	حفظ نسخة معدلة
Reset crop	بازنشانی برش	پرېکول بیاټاکل	إعادة ضبط القص
Menu name	نام فهرست	د غورنۍ نوم	اسم القائمة
Menu language	زبان فهرست	د غورنۍ ژبه	لغة القائمة
Link label	عنوان پیوند	د تړوني نوم	عنوان الرابط
Link URL	نشانی پیوند	د تړوني پته	عنوان الرابط
Add link	افزودن پیوند	تړونی زیاتول	إضافة رابط
Add child link	افزودن پیوند فرعی	فرعي تړونی زیاتول	إضافة رابط فرعي
Save navigation	ذخیره ناوبری	لارښود خوندي کول	حفظ التنقل
header	سرصفحه	سرلیک	الترويسة
footer	پاصفحه	لاندې برخه	التذييل
mobile	موبایل	موبایل	الهاتف
secondary	فرعی	دوهم	ثانوي
Header	سرصفحه	سرلیک	الترويسة
Footer	پاصفحه	لاندې برخه	التذييل
Navigation	ناوبری	لارښود	التنقل
Announcement Bar	نوار اطلاعیه	د خبرتیا پټه	شريط الإعلانات
Global CTA	دعوت به اقدام سراسری	ګډ بلنلیک	دعوة عامة لاتخاذ إجراء
Save global component	ذخیره جزء سراسری	ګډه برخه خوندي کول	حفظ المكون العام
Brand logo	نشان تجاری	سوداګریز نښان	شعار العلامة
Add a section	افزودن بخش	برخه زیاتول	إضافة قسم
Add column	افزودن ستون	ستنه زیاتول	إضافة عمود
Add content item	افزودن مورد محتوا	منځپانګه زیاتول	إضافة عنصر محتوى
Content items	موارد محتوا	د منځپانګې توکي	عناصر المحتوى
Column	ستون	ستنه	عمود
Text alignment	تراز متن	د متن برابرول	محاذاة النص
start	آغاز	پیل	البداية
center	وسط	منځ	الوسط
end	پایان	پای	النهاية
cover	پوشش	پوښل	تغطية
contain	جای‌دادن	ځایول	احتواء
top	بالا	پورته	أعلى
bottom	پایین	لاندې	أسفل
left	چپ	کیڼ	يسار
right	راست	ښی	يمين
Object fit	نحوه نمایش تصویر	د انځور برابرول	ملاءمة الصورة
Focal position	نقطه تمرکز	د تمرکز ځای	موضع التركيز
Image opacity	شفافیت تصویر	د انځور روڼتیا	عتامة الصورة
Image radius	گردی تصویر	د انځور ګردوالی	استدارة الصورة
Undo	واگرد	بېرته ګرځول	تراجع
Redo	ازنو	بیا کول	إعادة
Duplicate	نسخه‌برداری	کاپي کول	تكرار
Insert	درج	ننویستل	إدراج
Save as template	ذخیره به‌عنوان قالب	د قالب په توګه خوندي کول	حفظ كنموذج
Use template	استفاده از قالب	قالب کارول	استخدام النموذج
Revision history	تاریخچه نسخه‌ها	د نسخو تاریخچه	سجل النسخ
Revision comparison	مقایسه نسخه‌ها	د نسخو پرتله	مقارنة النسخ
Compare	مقایسه	پرتله	مقارنة
Restore	بازیابی	بیا راګرځول	استعادة
Recover copy	بازیابی نسخه	کاپي بېرته راوستل	استعادة النسخة
Discard copy	حذف نسخه کاری	کاري کاپي ړنګول	تجاهل النسخة
Schedule publication	زمان‌بندی انتشار	د خپرولو مهالویش	جدولة النشر
Publication date & time	تاریخ و ساعت انتشار	د خپرولو نېټه او وخت	تاريخ ووقت النشر
Accounts	حساب‌ها	حسابونه	الحسابات
Roles & permissions	نقش‌ها و مجوزها	رولونه او اجازې	الأدوار والصلاحيات
Role name	نام نقش	د رول نوم	اسم الدور
Workspace role	نقش فضای کاری	د کاري ځای رول	دور مساحة العمل
Website role	نقش وب‌سایت	د وېبپاڼې رول	دور الموقع
Account active	حساب فعال	فعال حساب	الحساب نشط
Save account	ذخیره حساب	حساب خوندي کول	حفظ الحساب
Save role	ذخیره نقش	رول خوندي کول	حفظ الدور
Add member	افزودن عضو	غړی زیاتول	إضافة عضو
Save membership	ذخیره عضویت	غړیتوب خوندي کول	حفظ العضوية
Super Admin	مدیر کل	عمومي مدیر	مدير عام
Administrator	مدیر	مدیر	مسؤول
Editor	ویرایشگر	سموونکی	محرر
Content Manager	مدیر محتوا	د منځپانګې مدیر	مدير المحتوى
Marketing Manager	مدیر بازاریابی	د بازارموندنې مدیر	مدير التسويق
read	خوانده‌شده	لوستل شوی	مقروء
pages	صفحه‌ها	پاڼې	صفحات
media	رسانه	رسنۍ	وسائط
appearance	ظاهر	بڼه	مظهر
menus	فهرست‌ها	غورنۍ	قوائم
templates	قالب‌ها	قالبونه	نماذج
translations	ترجمه‌ها	ژباړې	ترجمات
seo	بهینه‌سازی جستجو	د لټون ښه کول	تحسين البحث
settings	تنظیمات	امستنې	إعدادات
users	کاربران	کارنان	مستخدمون
commerce	تجارت	سوداګري	تجارة
submissions	پیام‌ها	پیغامونه	رسائل
Translation	ترجمه	ژباړه	ترجمة
Translation key	کلید ترجمه	د ژباړې کیلي	مفتاح الترجمة
Translated content	محتوای ترجمه‌شده	ژباړل شوې منځپانګه	المحتوى المترجم
Save translation	ذخیره ترجمه	ژباړه خوندي کول	حفظ الترجمة
Create translation	ایجاد ترجمه	ژباړه جوړول	إنشاء ترجمة
Exchange rate	نرخ تبدیل	د تبادلې نرخ	سعر الصرف
Symbol position	جای نماد	د نښې ځای	موضع الرمز
before	پیش از مبلغ	له پیسو مخکې	قبل المبلغ
after	پس از مبلغ	له پیسو وروسته	بعد المبلغ
Manual	دستی	لاسي	يدوي
Save currency	ذخیره ارز	اسعار خوندي کول	حفظ العملة
Save settings	ذخیره تنظیمات	امستنې خوندي کول	حفظ الإعدادات
SEO title	عنوان جستجو	د لټون سرلیک	عنوان محركات البحث
Meta description	توضیحات جستجو	د لټون تشریح	وصف محركات البحث
Search engine indexing	فهرست‌سازی موتور جستجو	د لټون انډېکس	فهرسة محركات البحث
URL slug	نامک نشانی	د پتې لنډ نوم	الاسم المختصر للرابط
Social share title	عنوان اشتراک‌گذاری	د شریکولو سرلیک	عنوان المشاركة
Social share description	توضیحات اشتراک‌گذاری	د شریکولو تشریح	وصف المشاركة
Messages	پیام‌ها	پیغامونه	الرسائل
Message	پیام	پیغام	الرسالة
Mark read	علامت‌گذاری خوانده‌شده	لوستل شوی نښه کول	تحديد كمقروء
Archive	بایگانی	آرشیف	أرشفة
Newsletter subscribers	اعضای خبرنامه	د خبرپاڼې ګډونوال	مشتركو النشرة
Send message	ارسال پیام	پیغام لېږل	إرسال رسالة
Subscribe	عضویت	ګډون	اشتراك
Sending…	در حال ارسال…	لېږل کېږي…	جارٍ الإرسال…
Message received.	پیام دریافت شد.	پیغام ترلاسه شو.	تم استلام الرسالة.
Check your email to confirm your subscription.	برای تأیید عضویت ایمیل خود را بررسی کنید.	د ګډون د تایید لپاره خپل برېښنالیک وګورئ.	تحقق من بريدك لتأكيد الاشتراك.
Preview email available in admin inbox.	ایمیل آزمایشی در صندوق مدیر موجود است.	ازمایښتي برېښنالیک د مدیر په صندوق کې دی.	رسالة المعاينة متاحة في صندوق المدير.
Preview verification email	مشاهده ایمیل تأیید آزمایشی	ازمایښتي تایید برېښنالیک کتل	معاينة رسالة التحقق
Manage subscription	مدیریت عضویت	ګډون اداره کول	إدارة الاشتراك
Confirm subscription	تأیید عضویت	ګډون تاییدول	تأكيد الاشتراك
Unsubscribe	لغو عضویت	ګډون لغوه کول	إلغاء الاشتراك
Subscription updated.	عضویت به‌روز شد.	ګډون تازه شو.	تم تحديث الاشتراك.
Forms are disabled in the editor preview.	فرم‌ها در پیش‌نمایش ویرایشگر غیرفعال‌اند.	فورمې د سمونګر په مخکتنه کې بندې دي.	النماذج معطلة في معاينة المحرر.
I agree to be contacted about this message.	با تماس درباره این پیام موافقم.	د دې پیغام په اړه له اړیکې سره موافق یم.	أوافق على التواصل معي بشأن هذه الرسالة.
I agree to receive newsletter emails. I can unsubscribe at any time.	با دریافت خبرنامه موافقم و هر زمان می‌توانم عضویت را لغو کنم.	د خبرپاڼو له ترلاسه کولو سره موافق یم. هر وخت ګډون لغوه کولی شم.	أوافق على تلقي النشرة ويمكنني إلغاء الاشتراك في أي وقت.
Contact messages and confirmed newsletter subscriptions for this website.	پیام‌های تماس و عضویت‌های خبرنامه این وب‌سایت.	د دې وېبپاڼې پیغامونه او د خبرپاڼې ګډونونه.	رسائل الاتصال واشتراكات النشرة لهذا الموقع.
No messages yet.	هنوز پیامی نیست.	تر اوسه پیغام نشته.	لا توجد رسائل بعد.
Only confirmed subscribers may receive newsletters. Request a new email from the public form to manage a subscription.	خبرنامه فقط برای اعضای تأییدشده است. برای مدیریت عضویت، از فرم عمومی ایمیل جدید بخواهید.	خبرپاڼې یوازې تایید شویو ګډونوالو ته دي. د ګډون ادارې لپاره له عام فورم څخه نوی برېښنالیک وغواړئ.	النشرات للمشتركين المؤكدين فقط. اطلب رسالة جديدة من النموذج العام لإدارة اشتراكك.
Delete permanently?	برای همیشه حذف شود؟	د تل لپاره ړنګ شي؟	حذف نهائي؟
This removes personal data and cannot be undone.	اطلاعات شخصی حذف می‌شود و قابل بازگشت نیست.	شخصي معلومات ړنګېږي او بېرته نه راګرځي.	ستُحذف البيانات الشخصية ولا يمكن التراجع.
Product	محصول	محصول	المنتج
Price	قیمت	بیه	السعر
Stock	موجودی	زېرمه	المخزون
Active	فعال	فعال	نشط
Archived	بایگانی‌شده	آرشیف شوی	مؤرشف
Add product	افزودن محصول	محصول زیاتول	إضافة منتج
Save product	ذخیره محصول	محصول خوندي کول	حفظ المنتج
Product details	جزئیات محصول	د محصول جزیات	تفاصيل المنتج
No records yet.	هنوز رکوردی نیست.	تر اوسه ثبت نشته.	لا توجد سجلات بعد.
Confirm order	تأیید سفارش	سپارښتنه تاییدول	تأكيد الطلب
Mark fulfilled	ثبت تحویل	سپارل ثبتول	تحديد كمنفذ
Record payment	ثبت پرداخت	ورکړه ثبتول	تسجيل الدفع
Cancel order	لغو سفارش	سپارښتنه لغوه کول	إلغاء الطلب
Cancel this order?	این سفارش لغو شود؟	دا سپارښتنه لغوه شي؟	إلغاء هذا الطلب؟
Confirm payment received	تأیید دریافت پرداخت	د ورکړې ترلاسه کول تایید کړئ	تأكيد استلام الدفع
Only mark paid after verifying the payment outside this system.	فقط پس از بررسی پرداخت خارج از سیستم، آن را پرداخت‌شده ثبت کنید.	یوازې له سیسټم څخه بهر د ورکړې تر تایید وروسته یې ورکړل شوی ثبت کړئ.	سجّل الدفع فقط بعد التحقق منه خارج النظام.
Stock will be restored once. Paid orders cannot be cancelled here.	موجودی یک‌بار بازگردانده می‌شود. سفارش پرداخت‌شده اینجا لغو نمی‌شود.	زېرمه یو ځل بېرته زیاتېږي. ورکړل شوې سپارښتنې دلته نه لغوه کېږي.	يُعاد المخزون مرة واحدة. لا يمكن إلغاء الطلبات المدفوعة هنا.
Enter a price with at most two decimal places.	قیمت را با حداکثر دو رقم اعشار وارد کنید.	بیه تر دوو اعشاري ځایونو پورې ولیکئ.	أدخل سعراً بمنزلتين عشريتين كحد أقصى.
Cash on delivery orders. Payment recording is manual; no card gateway is connected.	سفارش‌ها با پرداخت هنگام تحویل‌اند. ثبت پرداخت دستی است؛ درگاه کارت متصل نیست.	سپارښتنې د سپارلو پر وخت ورکول کېږي. ورکړې په لاس ثبتېږي؛ د کارت دروازه نشته.	طلبات الدفع عند الاستلام. التسجيل يدوي ولا توجد بوابة بطاقات متصلة.
Prices use the website currency. Archive a product by turning off Active. Stock is reserved at checkout.	قیمت‌ها به ارز وب‌سایت‌اند. با خاموش‌کردن «فعال» محصول بایگانی می‌شود. موجودی هنگام سفارش رزرو می‌شود.	بیې د وېبپاڼې په اسعارو دي. فعال بند کړئ چې محصول آرشیف شي. زېرمه د پېر پر وخت ساتل کېږي.	الأسعار بعملة الموقع. أوقف «نشط» لأرشفة المنتج. يُحجز المخزون عند الطلب.
Shop	فروشگاه	پلورنځی	المتجر
Home	خانه	کور	الرئيسية
Add to cart	افزودن به سبد	ټوکرۍ ته زیاتول	إضافة للسلة
Out of stock	ناموجود	زېرمه نشته	نفد المخزون
Your cart	سبد شما	ستاسو ټوکرۍ	سلتك
Total	مجموع	ټول	الإجمالي
Phone	تلفن	تلیفون	الهاتف
Delivery address	نشانی تحویل	د سپارلو پته	عنوان التوصيل
Place order · Cash on delivery	ثبت سفارش · پرداخت هنگام تحویل	سپارښتنه ثبتول · د سپارلو پر وخت ورکړه	تأكيد الطلب · الدفع عند الاستلام
Submitting…	در حال ثبت…	ثبتېږي…	جارٍ التسجيل…
Order received	سفارش دریافت شد	سپارښتنه ترلاسه شوه	تم استلام الطلب
Keep this reference for your records.	این شناسه را نگه دارید.	دا شمېره له ځان سره وساتئ.	احتفظ بهذا المرجع.
Continue shopping	ادامه خرید	پېر ته دوام	متابعة التسوق
Load more	نمایش بیشتر	نور ښودل	عرض المزيد
No products available.	محصولی موجود نیست.	محصولات نشته.	لا توجد منتجات متاحة.
Cash on delivery. No online payment is collected. Prices include all charges; delivery is free.	پرداخت هنگام تحویل است؛ پرداخت آنلاین دریافت نمی‌شود. قیمت‌ها شامل همه هزینه‌ها و تحویل رایگان است.	ورکړه د سپارلو پر وخت ده؛ آنلاین پیسې نه اخیستل کېږي. بیې ټول لګښتونه لري او سپارل وړیا دي.	الدفع عند الاستلام دون تحصيل إلكتروني. الأسعار شاملة والتوصيل مجاني.
I agree to be contacted to fulfill this order and to pay on delivery.	با تماس برای تحویل سفارش و پرداخت هنگام تحویل موافقم.	د سپارښتنې لپاره له اړیکې او د سپارلو پر وخت ورکړې سره موافق یم.	أوافق على التواصل لتنفيذ الطلب والدفع عند الاستلام.
Workspace	فضای کاری	کاري ځای	مساحة العمل
WORKSPACE	فضای کاری	کاري ځای	مساحة العمل
MANAGE	مدیریت	اداره	الإدارة
Sign out	خروج	وتل	تسجيل الخروج
Sign in	ورود	ننوتل	تسجيل الدخول
Open demo workspace	بازکردن فضای آزمایشی	ازمایښتي ځای پرانیستل	فتح مساحة التجربة
Notifications	اطلاعیه‌ها	خبرتیاوې	الإشعارات
Help & getting started	راهنما و شروع	مرسته او پیل	المساعدة والبدء
Getting your workspace ready…	در حال آماده‌سازی فضای کاری…	کاري ځای چمتو کېږي…	جارٍ تجهيز مساحة العمل…
Welcome to your workspace.	به فضای کاری خود خوش آمدید.	خپل کاري ځای ته ښه راغلاست.	مرحباً بك في مساحة عملك.
Welcome to Atelier.	به اتلیه خوش آمدید.	اتلیه ته ښه راغلاست.	مرحباً بك في أتيليه.
A home for all the things you create.	خانه‌ای برای تمام ساخته‌های شما.	ستاسو د ټولو جوړونو لپاره یو کور.	موطن لكل ما تصنعه.
Your creative headquarters	مرکز خلاقیت شما	ستاسو د نوښت مرکز	مركز إبداعك
Workspace connected	فضای کاری متصل است	کاري ځای تړلی دی	مساحة العمل متصلة
Made for your next big idea.	برای ایده بزرگ بعدی شما.	ستاسو د راتلونکي لوی فکر لپاره.	لفكرتك الكبيرة القادمة.
Big ideas start here.	ایده‌های بزرگ از اینجا آغاز می‌شوند.	لوی فکرونه له دې ځایه پیلېږي.	الأفكار الكبيرة تبدأ هنا.
Your next website is just a	وب‌سایت بعدی شما تنها	ستاسو بله وېبپاڼه یوازې	موقعك القادم على بُعد
few clicks away.	چند کلیک فاصله دارد.	څو کلیکونه لرې دی.	بضع نقرات.
Create something new	چیزی تازه بسازید	یو نوی شی جوړ کړئ	أنشئ شيئاً جديداً
Secure administration · Atelier CMS	مدیریت امن · سیستم اتلیه	خوندي اداره · اتلیه	إدارة آمنة · أتيليه
Local demo only. Do not enter real credentials. Reopen the demo workspace below.	فقط نسخه آزمایشی است. اطلاعات ورود واقعی وارد نکنید. فضای آزمایشی را باز کنید.	یوازې ازمایښتي نسخه ده. اصلي پټنوم مه لیکئ. ازمایښتي ځای پرانیزئ.	تجربة محلية فقط. لا تدخل بيانات حقيقية. أعد فتح مساحة التجربة.
Password changes require the Laravel backend. The local preview does not support real account sign-in.	تغییر رمز عبور به لاراول نیاز دارد. پیش‌نمایش محلی ورود واقعی را پشتیبانی نمی‌کند.	د پټنوم بدلول لاراول غواړي. محلي مخکتنه اصلي ننوتل نه لري.	تغيير كلمة المرور يتطلب لارافيل. المعاينة المحلية لا تدعم الدخول الحقيقي.
Search anything...	جستجو…	ولټوئ…	ابحث…
Search currently covers websites. Open a website to search its pages and media.	جستجو فعلاً وب‌سایت‌ها را پوشش می‌دهد. برای جستجوی صفحه و رسانه، وب‌سایت را باز کنید.	لټون اوس وېبپاڼې رانغاړي. د پاڼو او رسنیو لپاره وېبپاڼه پرانیزئ.	البحث يشمل المواقع حالياً. افتح موقعاً للبحث في صفحاته ووسائطه.
You're all caught up.	همه چیز را دیده‌اید.	تاسو هر څه کتلي دي.	أنت مطلع على كل جديد.
Your latest workspace activity is below.	آخرین فعالیت فضای کاری در زیر است.	د کاري ځای وروستی فعالیت لاندې دی.	أحدث نشاط لمساحة العمل أدناه.
Start with a website, make the theme your own, then build and publish your first page.	وب‌سایت بسازید، ظاهر را تنظیم کنید و نخستین صفحه را منتشر کنید.	وېبپاڼه جوړه کړئ، بڼه وټاکئ او لومړۍ پاڼه خپره کړئ.	أنشئ موقعاً وخصص مظهره ثم انشر صفحتك الأولى.
Create a website with the guided setup.	با راهنمای راه‌اندازی وب‌سایت بسازید.	د لارښود له لارې وېبپاڼه جوړه کړئ.	أنشئ موقعاً بمعالج الإعداد.
Choose colors and typography in Theme & Appearance.	رنگ و خط را در بخش پوسته و ظاهر انتخاب کنید.	رنګونه او لیکبڼه د بڼې په برخه کې وټاکئ.	اختر الألوان والخطوط في القالب والمظهر.
Publish the page and set the website to Published in Settings.	صفحه را منتشر کنید و وضعیت وب‌سایت را در تنظیمات به منتشرشده تغییر دهید.	پاڼه خپره کړئ او په امستنو کې وېبپاڼه خپره وټاکئ.	انشر الصفحة واجعل حالة الموقع منشوراً في الإعدادات.
Visit your site to see your saved content live.	برای دیدن محتوای ذخیره‌شده وب‌سایت را باز کنید.	د خوندي منځپانګې لیدلو لپاره وېبپاڼه وګورئ.	زر موقعك لمشاهدة المحتوى المحفوظ.
A SPACE FOR YOUR NEXT BIG THING	فضایی برای ایده بزرگ بعدی	د راتلونکي لوی فکر لپاره ځای	مساحة لفكرتك الكبيرة القادمة
Many websites.	وب‌سایت‌های بسیار.	ډېرې وېبپاڼې.	مواقع متعددة.
One beautiful workspace.	یک فضای کاری زیبا.	یو ښکلی کاري ځای.	مساحة عمل جميلة واحدة.
From first idea to live website. Everything you need,	از نخستین ایده تا وب‌سایت زنده؛ همه نیازهای شما،	له لومړي فکره تر ژوندۍ وېبپاڼې؛ هر څه چې غواړئ،	من أول فكرة إلى موقع منشور. كل ما تحتاجه،
thoughtfully brought together.	با دقت در کنار هم.	په پاملرنې سره یو ځای.	مجتمعة بعناية.
Let’s build something	بیایید چیزی بسازیم	راځئ یو څه جوړ کړو	لنصنع شيئاً
Something	چیزی	یو څه	شيء
extraordinary	فوق‌العاده	بې‌ساری	استثنائي
starts here.	از اینجا آغاز می‌شود.	له دې ځایه پیلېږي.	يبدأ هنا.
your next great idea	ایده بزرگ بعدی شما	ستاسو راتلونکی لوی فکر	فكرتك الرائعة القادمة
your brand	برند شما	ستاسو نښه	علامتك التجارية
MADE TO MAKE AN IMPACT	ساخته‌شده برای تأثیرگذاری	د اغېز لپاره جوړ شوی	صُنع ليترك أثراً
Discover more ↗	بیشتر بدانید ↗	نور ومومئ ↗	اكتشف المزيد ↗
Ready when you are	هر وقت آماده باشید	هر وخت چې چمتو یاست	جاهز عندما تكون مستعداً
Recent activity	فعالیت‌های اخیر	وروستي فعالیتونه	النشاط الأخير
Your websites	وب‌سایت‌های شما	ستاسو وېبپاڼې	مواقعك
YOUR WORKSPACE, AT A GLANCE	فضای کاری در یک نگاه	کاري ځای په یوه کتنه	مساحة عملك في لمحة
A HOME FOR EVERY IDEA	خانه‌ای برای هر ایده	د هر فکر لپاره کور	موطن لكل فكرة
Good afternoon, Alex	به فضای کاری خوش آمدید	کاري ځای ته ښه راغلاست	مرحباً بك في مساحة العمل
A little overview of everything you’re bringing to life.	نمای کلی از آنچه می‌سازید.	د هغه څه عمومي کتنه چې جوړوئ.	لمحة عما تصنعه.
Create, manage, and grow every website from one place.	همه وب‌سایت‌ها را از یک جا بسازید و مدیریت کنید.	ټولې وېبپاڼې له یوه ځایه جوړې او اداره کړئ.	أنشئ جميع المواقع وأدرها من مكان واحد.
No websites here yet.	هنوز وب‌سایتی نیست.	تر اوسه وېبپاڼه نشته.	لا توجد مواقع بعد.
Try a different search or filter.	جستجو یا فیلتر دیگری را امتحان کنید.	بل لټون یا چاڼ وکاروئ.	جرب بحثاً أو مرشحاً آخر.
Your next big idea deserves a home.	ایده بزرگ شما شایسته یک خانه است.	ستاسو لوی فکر د کور وړ دی.	فكرتك الكبيرة تستحق موطناً.
Recently edited	تازه ویرایش‌شده	تازه سم شوی	عُدّل مؤخراً
Ready to explore	آماده بازدید	کتلو ته چمتو	جاهز للاستكشاف
All changes saved	همه تغییرات ذخیره شد	ټول بدلونونه خوندي شول	حُفظت جميع التغييرات
Unsaved changes	تغییرات ذخیره‌نشده	ناخوندي بدلونونه	تغييرات غير محفوظة
Saving…	در حال ذخیره…	خوندي کېږي…	جارٍ الحفظ…
Changes saved.	تغییرات ذخیره شد.	بدلونونه خوندي شول.	تم حفظ التغييرات.
Website settings saved.	تنظیمات وب‌سایت ذخیره شد.	د وېبپاڼې امستنې خوندي شوې.	تم حفظ إعدادات الموقع.
Page deleted.	صفحه حذف شد.	پاڼه ړنګه شوه.	تم حذف الصفحة.
Make it yours	مطابق سلیقه خود بسازید	خپل یې کړئ	اجعله خاصاً بك
A foundation for your brand	پایه‌ای برای برند شما	ستاسو د نښې بنسټ	أساس لعلامتك التجارية
Four distinct personalities. Infinite possibilities.	چهار سبک متفاوت؛ امکانات بی‌پایان.	څلور بېلابېلې بڼې؛ بې‌شمېره امکانات.	أربعة أنماط وإمكانات بلا حدود.
A palette with personality	رنگ‌هایی با هویت	هویت لرونکي رنګونه	ألوان ذات شخصية
Changes preview instantly. Save to apply them to your published website.	تغییرات فوراً پیش‌نمایش می‌شوند. برای اعمال در وب‌سایت زنده ذخیره کنید.	بدلونونه سملاسي ښکاري. په ژوندۍ وېبپاڼه کې د پلي کولو لپاره خوندي کړئ.	تظهر التغييرات فوراً. احفظ لتطبيقها على الموقع المنشور.
Find your voice	سبک خود را بیابید	خپل غږ ومومئ	اعثر على أسلوبك
Body size ·	اندازه متن ·	د متن اندازه ·	حجم النص ·
Line height ·	ارتفاع خط ·	د کرښې لوړوالی ·	ارتفاع السطر ·
Corner radius ·	گردی گوشه ·	د کونج ګردوالی ·	استدارة الزوايا ·
Container width ·	عرض محتوا ·	د منځپانګې پلنوالی ·	عرض المحتوى ·
Section spacing ·	فاصله بخش‌ها ·	د برخو واټن ·	تباعد الأقسام ·
The art of	هنر	د هنر	فن
being different.	متفاوت‌بودن.	توپیر لرل.	الاختلاف.
One consistent font system, from navigation to footer. Native script fallbacks support Dari, Pashto, and Arabic.	خط هماهنگ از ناوبری تا پاصفحه، با پشتیبانی از دری، پشتو و عربی.	له لارښوده تر لاندې برخې یو شان لیکبڼه، د دري، پښتو او عربي په ملاتړ.	خط متناسق من التنقل إلى التذييل يدعم الدارية والبشتوية والعربية.
A little breathing room	کمی فضای بیشتر	لږ پراخ ځای	مساحة إضافية
Content adapts automatically to desktop, tablet, and mobile screens.	محتوا خودکار با کمپیوتر، تبلت و موبایل سازگار می‌شود.	منځپانګه له کمپیوټر، ټابلیټ او موبایل سره سمون خوري.	يتكيف المحتوى تلقائياً مع الحاسوب واللوح والهاتف.
Your saved looks	ظاهرهای ذخیره‌شده شما	ستاسو خوندي بڼې	مظاهرك المحفوظة
Load a preset to preview it. Save appearance to activate. Save again with a new name to duplicate a look.	ظاهر ذخیره‌شده را پیش‌نمایش کنید و برای فعال‌سازی ذخیره کنید. برای نسخه تازه، نام دیگری بدهید.	خوندي بڼه وګورئ او د فعالولو لپاره یې خوندي کړئ. د کاپي لپاره نوی نوم ورکړئ.	حمّل مظهراً للمعاينة واحفظ لتفعيله. احفظ باسم جديد لنسخه.
Save your first custom look below.	نخستین ظاهر سفارشی را در زیر ذخیره کنید.	لاندې خپله لومړۍ ځانګړې بڼه خوندي کړئ.	احفظ مظهرك المخصص الأول أدناه.
Save current look as preset	ذخیره ظاهر فعلی به‌عنوان پیش‌تنظیم	اوسنۍ بڼه د چمتو بڼې په توګه خوندي کول	حفظ المظهر الحالي كإعداد مسبق
LIVE PREVIEW	پیش‌نمایش زنده	ژوندۍ مخکتنه	معاينة مباشرة
Changes aren’t saved yet	تغییرات هنوز ذخیره نشده	بدلونونه لا خوندي نه دي	لم تُحفظ التغييرات بعد
Our story	داستان ما	زموږ کیسه	قصتنا
Contact	تماس	اړیکه	اتصل بنا
A clear way around.	مسیری روشن برای بازدیدکنندگان.	د لیدونکو لپاره روښانه لار.	طريق واضح للتنقل.
Add your first link for this language and location.	نخستین پیوند این زبان و موقعیت را اضافه کنید.	د دې ژبې او ځای لومړی تړونی زیات کړئ.	أضف أول رابط لهذه اللغة والموضع.
Navigation that grows with you.	ناوبری همراه با رشد شما.	ستاسو سره وده کوونکی لارښود.	تنقل ينمو معك.
Drag links to reorder. Use each link’s menu to add children, indent, move up a level, or open in a new tab. Up to three levels and 100 links are supported.	پیوندها را بکشید و مرتب کنید. از فهرست هر پیوند برای زیرپیوند و جابه‌جایی استفاده کنید. حداکثر سه سطح و ۱۰۰ پیوند.	تړوني کش کړئ او ترتیب یې کړئ. د هر تړوني غورنۍ د فرعي تړونو او خوځولو لپاره وکاروئ. تر درې کچو او ۱۰۰ تړونو پورې.	اسحب الروابط لترتيبها واستخدم قائمتها لإضافة فروع ونقلها. حتى ثلاثة مستويات و١٠٠ رابط.
Each language has its own menu. Mobile navigation falls back to that language’s header menu when no mobile menu exists.	هر زبان فهرست خود را دارد. در نبود فهرست موبایل، فهرست سرصفحه همان زبان استفاده می‌شود.	هره ژبه خپله غورنۍ لري. که د موبایل غورنۍ نه وي، د هماغې ژبې سرلیک کارېږي.	لكل لغة قائمتها. عند غياب قائمة الهاتف تُستخدم قائمة ترويسة اللغة نفسها.
Export or copy unsaved links before reloading.	پیش از بارگذاری دوباره، پیوندهای ذخیره‌نشده را کپی کنید.	له بیا پورته کولو مخکې ناخوندي تړوني کاپي کړئ.	انسخ الروابط غير المحفوظة قبل إعادة التحميل.
Opens in a new tab	در زبانه جدید باز می‌شود	په نوې پاڼه کې پرانیستل کېږي	يفتح في تبويب جديد
Indent under previous link	زیر پیوند قبلی قرار دهید	د مخکیني تړوني لاندې کړئ	ضعه تحت الرابط السابق
Move up one level	یک سطح بالاتر	یوه کچه پورته	انقل مستوى للأعلى
A little trip back in time.	نگاهی به نسخه‌های گذشته.	پخوانیو نسخو ته کتنه.	نظرة إلى النسخ السابقة.
Restore a previous version as a draft. Your current version will be preserved.	نسخه قبلی را به‌صورت پیش‌نویس بازیابی کنید. نسخه فعلی حفظ می‌شود.	پخوانۍ نسخه د مسودې په توګه راولئ. اوسنۍ نسخه ساتل کېږي.	استعد نسخة سابقة كمسودة مع الاحتفاظ بالحالية.
Your first revision appears after you save a change.	نخستین نسخه پس از ذخیره تغییر ایجاد می‌شود.	لومړۍ نسخه د بدلون له خوندي کولو وروسته ښکاري.	تظهر أول نسخة بعد حفظ تغيير.
Loading your working copy…	در حال بارگذاری نسخه کاری…	کاري کاپي پورته کېږي…	جارٍ تحميل نسخة العمل…
This page or working copy changed in another session. Autosave is paused.	این صفحه در نشست دیگری تغییر کرده است. ذخیره خودکار متوقف شد.	دا پاڼه په بله ناسته کې بدله شوې. اتومات خوندي کول درېدلي دي.	تغيرت الصفحة في جلسة أخرى. توقف الحفظ التلقائي.
Current working copy	نسخه کاری فعلی	اوسنۍ کاري کاپي	نسخة العمل الحالية
A private working copy from	نسخه کاری خصوصی از	شخصي کاري کاپي له	نسخة عمل خاصة من
is available.	موجود است.	شته.	متاحة.
Choose a future time in your browser timezone. Scheduling a published page takes it offline until this time.	زمان آینده را به وقت مرورگر انتخاب کنید. صفحه منتشرشده تا آن زمان از دسترس خارج می‌شود.	د لټونګر په وخت کې راتلونکی وخت وټاکئ. خپره پاڼه تر هغه وخته بندېږي.	اختر وقتاً مستقبلياً بتوقيت المتصفح. تُحجب الصفحة المنشورة حتى ذلك الوقت.
Publish at the right moment.	در زمان مناسب منتشر کنید.	په سم وخت یې خپور کړئ.	انشر في الوقت المناسب.
A blank page. A new possibility.	صفحه‌ای خالی، فرصتی تازه.	تشې پاڼې، نوی فرصت.	صفحة فارغة وفرصة جديدة.
Add content with the visual page builder.	با صفحه‌ساز دیداری محتوا اضافه کنید.	د لیدیز پاڼه جوړوونکي له لارې منځپانګه زیاته کړئ.	أضف المحتوى بمنشئ الصفحات المرئي.
Save a page, section or block to build your library.	صفحه، بخش یا بلوک را در کتابخانه خود ذخیره کنید.	پاڼه، برخه یا بلاک په خپل کتابتون کې خوندي کړئ.	احفظ صفحة أو قسماً أو كتلة في مكتبتك.
Save any page as a template from the visual builder. Reuse the layout without changing the original.	صفحه را از صفحه‌ساز به‌عنوان قالب ذخیره و بدون تغییر اصل دوباره استفاده کنید.	پاڼه د جوړوونکي له لارې قالب کړئ او د اصلي نسخې له بدلولو پرته یې وکاروئ.	احفظ الصفحة كنموذج وأعد استخدام التخطيط دون تغيير الأصل.
Content is saved independently for each language.	محتوا برای هر زبان جداگانه ذخیره می‌شود.	د هرې ژبې منځپانګه جلا خوندي کېږي.	يُحفظ المحتوى مستقلاً لكل لغة.
Export	برون‌بری	صادرول	تصدير
Reload	بارگذاری دوباره	بیا پورته کول	إعادة التحميل
Show all	نمایش همه	ټول ښودل	عرض الكل
Grid	شبکه	جال	شبكة
List	فهرست	لړلیک	قائمة
Blocks	بلوک‌ها	بلاکونه	الكتل
Results	نتایج	پایلې	النتائج
Hidden	پنهان	پټ	مخفي
Details	جزئیات	جزیات	التفاصيل
Block	بلوک	بلاک	كتلة
Section	بخش	برخه	قسم
Item	مورد	توکی	عنصر
Preset	ظاهر ذخیره‌شده	خوندي بڼه	إعداد مسبق
File	فایل	دوتنه	ملف
Logo	نشان	نښان	شعار
Role	نقش	رول	دور
Membership	عضویت	غړیتوب	عضوية
Link and children	پیوند و زیرپیوندها	تړونی او فرعي تړوني	الرابط وفروعه
Empty folder	پوشه خالی	تشه پوښۍ	مجلد فارغ
Restricted workspace area	دسترسی به این بخش محدود است	دې برخې ته لاسرسی محدود دی	هذه المنطقة مقيدة
Website type	نوع وب‌سایت	د وېبپاڼې ډول	نوع الموقع
Agency	آژانس	اژانس	وكالة
University	دانشگاه	پوهنتون	جامعة
E-commerce	تجارت الکترونیک	برېښنايي سوداګري	تجارة إلكترونية
Blog	وبلاگ	بلاګ	مدونة
Business	کسب‌وکار	سوداګري	أعمال
Portfolio	نمونه‌کار	د کار بېلګې	معرض أعمال
Step	مرحله	پړاو	خطوة
Hero	بخش اصلی	اصلي برخه	القسم الرئيسي
Text	متن	متن	نص
Image + Text	تصویر و متن	انځور او متن	صورة ونص
Video	ویدیو	ویډیو	فيديو
Gallery	گالری	ګالري	معرض
Slider	اسلایدها	سلایډونه	شرائح
Banner	بنر	بینر	لافتة
Cards	کارت‌ها	کارتونه	بطاقات
Services	خدمات	خدمتونه	خدمات
Features	ویژگی‌ها	ځانګړنې	ميزات
Testimonials	نظر مشتریان	د مشتریانو نظرونه	آراء العملاء
Statistics	آمار	شمېرې	إحصاءات
Pricing	قیمت‌گذاری	بیې	الأسعار
FAQ	پرسش‌های متداول	عامې پوښتنې	أسئلة شائعة
CTA	دعوت به اقدام	د عمل بلنه	دعوة لاتخاذ إجراء
Newsletter	خبرنامه	خبرپاڼه	نشرة بريدية
Logos	نشان‌ها	نښانونه	شعارات
Events	رویدادها	پېښې	فعاليات
Announcements	اطلاعیه‌ها	خبرتیاوې	إعلانات
Social Media	شبکه‌های اجتماعی	ټولنیزې رسنۍ	وسائل التواصل
Columns	ستون‌ها	ستنې	أعمدة
px	پیکسل	پکسل	بكسل
KB	کیلوبایت	کیلوبایټ	كيلوبايت
AM	اِی‌اِم	اې‌اېم	إيه إم
About	درباره	په اړه	حول
Acme workspace	فضای کاری اکمی	د اکمي کاري ځای	مساحة عمل أكمي
accounts	حساب‌ها	حسابونه	حسابات
assets	رسانه‌ها	رسنۍ	وسائط
blocks	بلوک‌ها	بلاکونه	كتل
of 5	از ۵	له ۵ څخه	من ٥
template ·	قالب ·	قالب ·	نموذج ·
thoughtfully arranged blocks	بلوک‌های مرتب‌شده با دقت	په پاملرنې ترتیب شوي بلاکونه	كتل مرتبة بعناية
browse your computer	از کمپیوتر انتخاب کنید	له کمپیوټر څخه وټاکئ	تصفح جهازك
Drag & drop files, or	فایل‌ها را بکشید و رها کنید، یا	دوتنې راکش او پرېږدئ، یا	اسحب الملفات وأفلتها، أو
Drop a little inspiration here	فایل‌های خود را اینجا رها کنید	خپلې دوتنې دلته پرېږدئ	أفلت ملفاتك هنا
Images, video, PDF, and Office documents · Up to 20 MB per file	تصویر، ویدیو، پی‌دی‌اف و اسناد آفیس · حداکثر ۲۰ مگابایت	انځور، ویډیو، پي ډي اېف او دفتري اسناد · تر ۲۰ مېګابایټو	صور وفيديو وملفات PDF وأوفيس · حتى ٢٠ ميغابايت للملف
No assets found. Upload a file or choose another filter.	رسانه‌ای یافت نشد. فایل بارگذاری کنید یا فیلتر را تغییر دهید.	رسنۍ ونه موندل شوې. دوتنه پورته یا چاڼ بدل کړئ.	لم تُعثر على وسائط. ارفع ملفاً أو غيّر المرشح.
JPG / PNG / WEBP · No original files are overwritten	JPG / PNG / WEBP · فایل اصلی تغییر نمی‌کند	JPG / PNG / WEBP · اصلي دوتنه نه بدلېږي	JPG / PNG / WEBP · لا تُستبدل الملفات الأصلية
Original:	اصل:	اصلي:	الأصل:
Output:	خروجی:	پایله:	الناتج:
px · Maximum 4 MP and 4096 px per edge	پیکسل · حداکثر ۴ مگاپیکسل و ۴۰۹۶ پیکسل در هر ضلع	پکسل · تر ۴ مېګاپکسلو او په هر اړخ ۴۰۹۶ پکسلو پورې	بكسل · أقصى حد ٤ ميغابكسل و٤٠٩٦ بكسل لكل ضلع
px. All edits are saved as a new media item.	پیکسل. ویرایش‌ها به‌عنوان فایل جدید ذخیره می‌شوند.	پکسل. سمونونه د نوې دوتنې په توګه خوندي کېږي.	بكسل. تُحفظ التعديلات كملف جديد.
Crop height ·	ارتفاع برش ·	د پرېکولو لوړوالی ·	ارتفاع القص ·
Crop width ·	عرض برش ·	د پرېکولو پلنوالی ·	عرض القص ·
Horizontal position ·	موقعیت افقی ·	افقي ځای ·	الموضع الأفقي ·
Vertical position ·	موقعیت عمودی ·	عمودي ځای ·	الموضع العمودي ·
Rename / move folder	تغییر نام یا انتقال پوشه	د پوښۍ نوم بدلول یا خوځول	إعادة تسمية المجلد أو نقله
Add new blocks to	افزودن بلوک جدید به	نوي بلاکونه ورزیات کړئ	إضافة كتل جديدة إلى
Remove empty last column	حذف آخرین ستون خالی	وروستۍ تشه ستنه ړنګول	إزالة العمود الأخير الفارغ
Price display (e.g. USD 29/month)	نمایش قیمت (مثلاً ۲۹ دالر در ماه)	د بیې ښودل (لکه په میاشت ۲۹ ډالره)	عرض السعر (مثلاً ٢٩ دولاراً شهرياً)
Last updated	آخرین به‌روزرسانی	وروستی تازه کول	آخر تحديث
Built-in roles are protected. Create a custom role to tailor access.	نقش‌های اصلی محافظت‌شده‌اند. برای دسترسی دلخواه نقش تازه بسازید.	اصلي رولونه خوندي دي. د ځانګړي لاسرسي لپاره نوی رول جوړ کړئ.	الأدوار المدمجة محمية. أنشئ دوراً مخصصاً لتعديل الوصول.
Control workspace accounts and grant each website the team it needs.	حساب‌ها و تیم هر وب‌سایت را مدیریت کنید.	حسابونه او د هرې وېبپاڼې ډله اداره کړئ.	أدر الحسابات وفريق كل موقع.
Local demonstration records only. Account sign-in, password enforcement and permission isolation must be verified against Laravel; the preview session always uses the demo administrator.	این‌ها رکوردهای آزمایشی‌اند. ورود و مجوزها باید در لاراول آزمایش شوند. پیش‌نمایش همیشه مدیر آزمایشی است.	دا ازمایښتي ثبتونه دي. ننوتل او اجازې باید په لاراول کې وازمویل شي. مخکتنه تل ازمایښتي مدیر کاروي.	هذه سجلات تجريبية. يجب اختبار الدخول والصلاحيات في لارافيل. المعاينة تستخدم المدير التجريبي دائماً.
Use each website’s Team tab to assign memberships.	عضویت‌ها را در زبانه تیم هر وب‌سایت تنظیم کنید.	غړیتوبونه د هرې وېبپاڼې د ډلې په برخه کې وټاکئ.	عيّن العضويات في تبويب فريق كل موقع.
Suspension immediately blocks access in Laravel. At least one active Super Admin must remain.	تعلیق فوراً دسترسی را در لاراول مسدود می‌کند. حداقل یک مدیر کل فعال باید بماند.	ځنډول په لاراول کې سملاسي لاسرسی بندوي. لږ تر لږه یو فعال عمومي مدیر باید پاتې شي.	التعليق يمنع الوصول فوراً في لارافيل. يجب بقاء مدير عام نشط واحد على الأقل.
Read access is always included. These capabilities are enforced by the Laravel API.	دسترسی خواندن همیشه شامل است. مجوزها در API لاراول اعمال می‌شوند.	د لوستلو لاسرسی تل شامل دی. اجازې د لاراول API پلي کوي.	صلاحية القراءة مضمّنة دائماً. تُفرض الصلاحيات عبر لارافيل.
People with access to this website. Workspace Super Admins have access to every website.	افراد دارای دسترسی به این وب‌سایت. مدیران کل به همه وب‌سایت‌ها دسترسی دارند.	دې وېبپاڼې ته لاسرسی لرونکي کسان. عمومي مدیران ټولو وېبپاڼو ته لاسرسی لري.	الأشخاص المسموح لهم بهذا الموقع. المديرون العامون يصلون لجميع المواقع.
No direct memberships yet. Add an existing account to your team.	هنوز عضوی نیست. یک حساب موجود را به تیم اضافه کنید.	تر اوسه غړی نشته. موجود حساب ډلې ته زیات کړئ.	لا توجد عضويات بعد. أضف حساباً موجوداً إلى الفريق.
Add an existing active account by email. A workspace Super Admin can create accounts in Users & roles.	حساب فعال موجود را با ایمیل اضافه کنید. مدیر کل می‌تواند در بخش کاربران حساب بسازد.	شته فعال حساب د برېښنالیک له لارې زیات کړئ. عمومي مدیر په کارنانو کې حساب جوړولی شي.	أضف حساباً نشطاً بالبريد. يستطيع المدير العام إنشاء حسابات في المستخدمين والأدوار.
These components are rendered from shared settings, never copied into individual pages.	این اجزا از تنظیمات مشترک نمایش داده می‌شوند و در صفحه‌ها کپی نمی‌شوند.	دا برخې له ګډو امستنو ښودل کېږي، په پاڼو کې نه کاپي کېږي.	تُعرض المكونات من إعدادات مشتركة ولا تُنسخ إلى الصفحات.
Show on every page	نمایش در همه صفحه‌ها	په ټولو پاڼو کې ښودل	عرض في كل الصفحات
Translate text in Languages using keys such as	متن را در بخش زبان‌ها با کلیدهایی مانند ترجمه کنید	متن په ژبو کې په دې ډول کیلیو وژباړئ	ترجم النص في اللغات بمفاتيح مثل
, or	، یا	، یا	، أو
. Matching translations replace only that field on the public website.	. ترجمه مطابق فقط همان فیلد را در وب‌سایت عمومی عوض می‌کند.	. ورته ژباړه یوازې هماغه ډګر په عامه وېبپاڼه کې بدلوي.	. تستبدل الترجمة المطابقة ذلك الحقل فقط في الموقع العام.
Create a page or change your search filters.	صفحه بسازید یا فیلتر جستجو را تغییر دهید.	پاڼه جوړه کړئ یا د لټون چاڼ بدل کړئ.	أنشئ صفحة أو غيّر مرشحات البحث.
Published websites expose their published pages. Draft websites stay private.	صفحه‌های منتشرشده وب‌سایت عمومی‌اند. وب‌سایت پیش‌نویس خصوصی می‌ماند.	خپرې وېبپاڼې خپلې خپرې پاڼې ښيي. مسودې شخصي پاتې کېږي.	تعرض المواقع المنشورة صفحاتها المنشورة. تبقى المسودات خاصة.
Saved changes apply immediately.	تغییرات ذخیره‌شده فوراً اعمال می‌شوند.	خوندي بدلونونه سملاسي پلي کېږي.	تُطبق التغييرات المحفوظة فوراً.
Use “Create translation” in a page’s menu to create and edit a separate language version. Shared component text can be translated with keys such as components.Header.title or components.Footer.text.	از «ایجاد ترجمه» در فهرست صفحه برای نسخه زبانی جدا استفاده کنید. متن اجزای مشترک را با کلیدهای components.Header.title و components.Footer.text ترجمه کنید.	د پاڼې په غورنۍ کې «ژباړه جوړول» د جلا ژبې لپاره وکاروئ. ګډې برخې د components.Header.title او components.Footer.text په کیلیو وژباړئ.	استخدم «إنشاء ترجمة» لنسخة لغوية مستقلة. ترجم المكونات بمفاتيح مثل components.Header.title وcomponents.Footer.text.
Rates are managed manually and are relative to	نرخ‌ها دستی و نسبت به این ارز تعیین می‌شوند:	نرخونه په لاس د دې اسعارو پر بنسټ ټاکل کېږي:	تُدار الأسعار يدوياً نسبةً إلى
. Store orders use the website base currency. Exchange rates are for display only.	. سفارش‌ها با ارز پایه وب‌سایت‌اند. نرخ تبدیل فقط برای نمایش است.	. سپارښتنې د وېبپاڼې په اصلي اسعارو دي. نرخونه یوازې د ښودلو لپاره دي.	. الطلبات بعملة الموقع الأساسية. أسعار الصرف للعرض فقط.
Choose the closest fit. Every type includes the full core toolkit.	نزدیک‌ترین نوع را انتخاب کنید. همه انواع ابزارهای اصلی را دارند.	تر ټولو نږدې ډول وټاکئ. ټول ډولونه اصلي وسیلې لري.	اختر النوع الأقرب. جميع الأنواع تتضمن الأدوات الأساسية.
A full theme, appearance settings, and starter page are included from day one.	پوسته، تنظیمات ظاهر و صفحه آغازین از روز نخست آماده‌اند.	پوښ، د بڼې امستنې او لومړۍ پاڼه له پیل څخه چمتو دي.	قالب وإعدادات مظهر وصفحة بداية جاهزة من اليوم الأول.
You can change all of this later.	بعداً می‌توانید همه را تغییر دهید.	دا ټول وروسته بدلولی شئ.	يمكنك تغيير كل ذلك لاحقاً.
Your domain is a configuration value. Pointing a custom domain to this installation requires DNS and web-server setup.	دامنه یک مقدار تنظیماتی است. اتصال دامنه سفارشی به تنظیم DNS و وب‌سرور نیاز دارد.	ډومېن یو تنظیمي ارزښت دی. د ځانګړي ډومېن تړل د DNS او سرور امستنو ته اړتیا لري.	النطاق قيمة إعداد. ربط نطاق مخصص يتطلب إعداد DNS وخادم الويب.
English, Dari, Pashto, and Arabic are included automatically, with RTL layouts.	انگلیسی، دری، پشتو و عربی با چیدمان راست‌به‌چپ آماده‌اند.	انګلیسي، دري، پښتو او عربي له ښي نه کیڼ بڼو سره شاملې دي.	الإنجليزية والدارية والبشتوية والعربية مضمّنة مع تخطيطات من اليمين.
Set your base currency. Manual exchange rates can be configured in your website.	ارز پایه را تعیین کنید. نرخ‌های دستی در وب‌سایت قابل تنظیم‌اند.	اصلي اسعار وټاکئ. لاسي نرخونه په وېبپاڼه کې تنظیمېږي.	حدد العملة الأساسية. يمكن ضبط أسعار الصرف اليدوية في الموقع.
All seven currencies are enabled. Exchange rates start at 1 and must be configured before using financial content.	هر هفت ارز فعال‌اند. نرخ‌ها از ۱ آغاز می‌شوند و پیش از استفاده مالی باید تنظیم شوند.	ټول اووه اسعار فعال دي. نرخونه له ۱ پیلېږي او د مالي کارونې مخکې باید وټاکل شي.	العملات السبع مفعلة. تبدأ الأسعار من ١ ويجب ضبطها قبل الاستخدام المالي.
Ready to create: theme, header, footer, navigation, visual builder, starter template, media library, 4 languages, currencies, and SEO settings.	آماده ساخت: پوسته، سرصفحه، پاصفحه، ناوبری، صفحه‌ساز، قالب، رسانه، چهار زبان، ارز و تنظیمات جستجو.	جوړولو ته چمتو: پوښ، سرلیک، لاندې برخه، لارښود، جوړوونکی، قالب، رسنۍ، څلور ژبې، اسعار او د لټون امستنې.	جاهز للإنشاء: قالب وترويسة وتذييل وتنقل ومنشئ ونماذج ووسائط وأربع لغات وعملات وإعدادات بحث.
Page	صفحه	پاڼه	صفحة
Custom role	نقش سفارشی	ځانګړی رول	دور مخصص
Protected role	نقش محافظت‌شده	خوندي رول	دور محمي
Optional new password	رمز جدید (برای حفظ رمز خالی بگذارید)	نوی پټنوم (د ساتلو لپاره تش پرېږدئ)	كلمة مرور جديدة (اتركها فارغة للإبقاء)
Video URL	نشانی ویدیو	د ویډیو پته	رابط الفيديو
Suspended	تعلیق‌شده	ځنډول شوی	موقوف
Left to right	چپ به راست	له کیڼ نه ښي	من اليسار لليمين
Right to left	راست به چپ	له ښي نه کیڼ	من اليمين لليسار
Open in new tab	بازکردن در زبانه جدید	په نوي ټب کې پرانیستل	فتح في تبويب جديد
Open in same tab	بازکردن در همین زبانه	په همدې ټب کې پرانیستل	فتح في التبويب نفسه
Full access within this role’s scope.	دسترسی کامل در محدوده این نقش.	د دې رول په چوکاټ کې بشپړ لاسرسی.	وصول كامل ضمن نطاق هذا الدور.
Add a name and domain without https:// to continue.	برای ادامه نام و دامنه را بدون https:// وارد کنید.	د دوام لپاره نوم او ډومېن له https:// پرته ولیکئ.	أدخل اسماً ونطاقاً دون https:// للمتابعة.
Choose a target language: en, fa, ps, or ar.	زبان مقصد را انتخاب کنید: en، fa، ps یا ar.	موخه ژبه وټاکئ: en، fa، ps یا ar.	اختر اللغة المستهدفة: en أو fa أو ps أو ar.
Choose en, fa, ps, or ar.	یکی از en، fa، ps یا ar را انتخاب کنید.	en، fa، ps یا ar وټاکئ.	اختر en أو fa أو ps أو ar.
Create an independent translation	ایجاد ترجمه مستقل	خپلواکه ژباړه جوړول	إنشاء ترجمة مستقلة
Independent draft created. Edit the text in the target language.	پیش‌نویس مستقل ساخته شد. متن را به زبان مقصد ویرایش کنید.	خپلواکه مسوده جوړه شوه. متن په موخه ژبه سم کړئ.	أُنشئت مسودة مستقلة. حرر النص باللغة المستهدفة.
Account saved. Assign website memberships to grant access to content.	حساب ذخیره شد. برای دسترسی به محتوا عضویت وب‌سایت را تعیین کنید.	حساب خوندي شو. منځپانګې ته د لاسرسي لپاره غړیتوب ورکړئ.	حُفظ الحساب. عيّن عضويات الموقع للوصول إلى المحتوى.
Draft saved privately. Your live page has not changed.	پیش‌نویس خصوصی ذخیره شد. صفحه زنده تغییر نکرده است.	مسوده په شخصي ډول خوندي شوه. ژوندۍ پاڼه نه ده بدله شوې.	حُفظت المسودة بشكل خاص. لم تتغير الصفحة المنشورة.
Edited copy saved. The original image is unchanged.	نسخه ویرایش‌شده ذخیره شد. تصویر اصلی تغییر نکرد.	سمه شوې کاپي خوندي شوه. اصلي انځور نه دی بدل شوی.	حُفظت النسخة المعدلة دون تغيير الأصل.
Global component saved. All public pages use the new version.	جزء سراسری ذخیره شد. همه صفحه‌های عمومی نسخه جدید را استفاده می‌کنند.	ګډه برخه خوندي شوه. ټولې عامې پاڼې نوې نسخه کاروي.	حُفظ المكون العام. تستخدم جميع الصفحات النسخة الجديدة.
Layouts support at most six levels.	چیدمان حداکثر شش سطح دارد.	جوړښت تر شپږو کچو پورې دی.	يدعم التخطيط ستة مستويات كحد أقصى.
Pages support up to 100 blocks.	هر صفحه حداکثر ۱۰۰ بلوک دارد.	هره پاڼه تر ۱۰۰ بلاکونو پورې لري.	تدعم الصفحة حتى ١٠٠ كتلة.
Leave the builder?	از صفحه‌ساز خارج شوید؟	له جوړوونکي ووځئ؟	مغادرة المنشئ؟
Some local changes are not saved. You can export a copy before leaving.	بعضی تغییرات ذخیره نشده‌اند. پیش از خروج می‌توانید نسخه بگیرید.	ځینې بدلونونه خوندي نه دي. له وتلو مخکې کاپي صادرولی شئ.	بعض التغييرات غير محفوظة. يمكنك تصدير نسخة قبل المغادرة.
Discard unsaved navigation changes?	تغییرات ذخیره‌نشده ناوبری حذف شوند؟	د لارښود ناخوندي بدلونونه پرېښودل شي؟	تجاهل تغييرات التنقل غير المحفوظة؟
Save this menu first if you want to keep your edits.	برای حفظ تغییرات، نخست فهرست را ذخیره کنید.	د بدلونونو د ساتلو لپاره لومړی غورنۍ خوندي کړئ.	احفظ القائمة أولاً للاحتفاظ بتعديلاتك.
Only empty folders can be deleted. Move their files and subfolders first.	فقط پوشه خالی حذف می‌شود. ابتدا فایل‌ها و زیرپوشه‌ها را انتقال دهید.	یوازې تشې پوښۍ ړنګېږي. لومړی دوتنې او فرعي پوښۍ وخوځوئ.	يمكن حذف المجلدات الفارغة فقط. انقل الملفات والمجلدات الفرعية أولاً.
Pages using this file may display a missing image. This cannot be undone.	صفحه‌های استفاده‌کننده ممکن است تصویر را از دست بدهند. این کار برگشت‌پذیر نیست.	دا دوتنه کاروونکې پاڼې ښايي انځور له لاسه ورکړي. دا کار بېرته نه ګرځي.	قد تفقد الصفحات التي تستخدم الملف صورتها. لا يمكن التراجع.
Page published. The website must also be published to make it public.	صفحه منتشر شد. وب‌سایت نیز باید منتشرشده باشد.	پاڼه خپره شوه. وېبپاڼه هم باید خپره وي.	نُشرت الصفحة. يجب نشر الموقع أيضاً لإتاحتها.
Password changed. Other Laravel sessions have been revoked.	رمز تغییر کرد. نشست‌های دیگر لاراول لغو شدند.	پټنوم بدل شو. نورې لاراول ناستې لغوه شوې.	تغيرت كلمة المرور وأُلغيت جلسات لارافيل الأخرى.
Preset saved. Load it to preview, then Save appearance to activate.	ظاهر ذخیره شد. برای پیش‌نمایش بارگذاری و برای فعال‌سازی ظاهر را ذخیره کنید.	بڼه خوندي شوه. د مخکتنې لپاره یې پورته او د فعالولو لپاره خوندي کړئ.	حُفظ الإعداد. حمّله للمعاينة ثم احفظ المظهر لتفعيله.
Recover an older working copy?	نسخه کاری قدیمی بازیابی شود؟	پخوانۍ کاري کاپي راوګرځول شي؟	استعادة نسخة عمل أقدم؟
Reload the latest page?	آخرین نسخه صفحه بارگذاری شود؟	د پاڼې وروستۍ نسخه پورته شي؟	إعادة تحميل أحدث صفحة؟
Export your local copy first if you want to keep it. Unsaved local changes will be replaced.	برای نگه‌داشتن نسخه محلی، نخست برون‌بری کنید. تغییرات ذخیره‌نشده جایگزین می‌شوند.	د محلي کاپي د ساتلو لپاره لومړی صادرول وکړئ. ناخوندي بدلونونه بدلېږي.	صدّر نسختك المحلية أولاً للاحتفاظ بها. ستُستبدل التغييرات غير المحفوظة.
Restore this revision as a draft?	این نسخه به‌صورت پیش‌نویس بازیابی شود؟	دا نسخه د مسودې په توګه راشي؟	استعادة هذه النسخة كمسودة؟
Revision restored as draft.	نسخه به‌صورت پیش‌نویس بازیابی شد.	نسخه د مسودې په توګه راوګرځول شوه.	استُعيدت النسخة كمسودة.
Reuse this page across this website.	این صفحه را در این وب‌سایت دوباره استفاده کنید.	دا پاڼه په دې وېبپاڼه کې بیا وکاروئ.	أعد استخدام هذه الصفحة في الموقع.
Roles can only be deleted after every account and membership has been reassigned.	نقش فقط پس از تغییر نقش همه حساب‌ها و عضویت‌ها حذف می‌شود.	رول یوازې د ټولو حسابونو او غړیتوبونو تر بیاټاکلو وروسته ړنګېږي.	لا يُحذف الدور إلا بعد إعادة تعيين جميع الحسابات والعضويات.
Scheduled. Keep the Laravel scheduler running to publish on time.	زمان‌بندی شد. زمان‌بند لاراول باید برای انتشار به‌موقع فعال باشد.	مهالویش شو. د پر وخت خپرولو لپاره د لاراول مهالویش فعال وساتئ.	تمت الجدولة. أبقِ مجدول لارافيل يعمل للنشر في الموعد.
The active website appearance will not change.	ظاهر فعال وب‌سایت تغییر نمی‌کند.	د وېبپاڼې فعاله بڼه نه بدلېږي.	لن يتغير مظهر الموقع النشط.
The saved page has changed since then.	صفحه ذخیره‌شده از آن زمان تغییر کرده است.	خوندي پاڼه له هغه وخته بدله شوې ده.	تغيرت الصفحة المحفوظة منذ ذلك الوقت.
The saved page has changed since this copy was made. Review all differences before publishing. Recovery will not change the live website.	صفحه پس از ساخت این نسخه تغییر کرده است. پیش از انتشار تفاوت‌ها را بررسی کنید. بازیابی وب‌سایت زنده را تغییر نمی‌دهد.	پاڼه د دې کاپي له جوړېدو وروسته بدله شوې. له خپرولو مخکې توپیرونه وګورئ. بیا راوستل ژوندۍ وېبپاڼه نه بدلوي.	تغيرت الصفحة بعد إنشاء النسخة. راجع الفروق قبل النشر. الاستعادة لا تغير الموقع المنشور.
Their account and memberships on other websites will remain unchanged.	حساب و عضویت‌های آنان در وب‌سایت‌های دیگر تغییر نمی‌کند.	د هغوی حساب او په نورو وېبپاڼو کې غړیتوب نه بدلېږي.	لن يتغير حسابهم أو عضوياتهم في المواقع الأخرى.
This permanently deletes the page and its revision history.	صفحه و تاریخچه نسخه‌های آن برای همیشه حذف می‌شود.	پاڼه او د هغې د نسخو تاریخچه د تل لپاره ړنګېږي.	سيُحذف نهائياً كل من الصفحة وسجل نسخها.
This saves your current preview without changing the live website.	پیش‌نمایش فعلی بدون تغییر وب‌سایت زنده ذخیره می‌شود.	اوسنۍ مخکتنه د ژوندۍ وېبپاڼې له بدلولو پرته خوندي کېږي.	تُحفظ المعاينة الحالية دون تغيير الموقع المنشور.
This unpublishes the page. Your previous saved version remains in history. Unsaved local edits will be replaced.	صفحه از انتشار خارج می‌شود. نسخه قبلی در تاریخچه می‌ماند. ویرایش‌های ذخیره‌نشده جایگزین می‌شوند.	پاڼه له خپرېدو وځي. پخوانۍ نسخه په تاریخچه کې پاتې کېږي. ناخوندي سمونونه بدلېږي.	سيُلغى نشر الصفحة. تبقى النسخة السابقة في السجل وتُستبدل التعديلات غير المحفوظة.
Unsaved color and layout changes will be replaced with the selected theme defaults.	تغییرات ذخیره‌نشده رنگ و چیدمان با پیش‌فرض پوسته جایگزین می‌شوند.	د رنګ او جوړښت ناخوندي بدلونونه د پوښ په اصلي امستنو بدلېږي.	تُستبدل تغييرات الألوان والتخطيط غير المحفوظة بافتراضيات القالب.
Your new look is live across the website.	ظاهر جدید در سراسر وب‌سایت فعال شد.	نوې بڼه په ټوله وېبپاڼه کې فعاله شوه.	مظهرك الجديد مطبق في جميع أنحاء الموقع.
Your working copy is already saved.	نسخه کاری شما قبلاً ذخیره شده است.	ستاسو کاري کاپي مخکې خوندي شوې ده.	نسخة العمل محفوظة بالفعل.
. This workspace uses a local development adapter. Production setup and implementation limitations are documented in README.md.	. این فضا از سرور توسعه محلی استفاده می‌کند. راه‌اندازی و محدودیت‌ها در README.md آمده است.	. دا ځای محلي پرمختیايي سرور کاروي. لارښوونې او محدودیتونه په README.md کې دي.	. تستخدم هذه المساحة خادم تطوير محلياً. الإعداد والقيود موثقة في README.md.
English	انگلیسی	انګلیسي	الإنجليزية
Dari / فارسی	دری / فارسی	دري / فارسي	الدارية / الفارسية
Pashto / پښتو	پشتو	پښتو	البشتوية
Arabic / العربية	عربی	عربي	العربية
All images	همه تصاویر	ټول انځورونه	كل الصور
Images	تصاویر	انځورونه	الصور
Videos	ویدیوها	ویډیوګانې	الفيديوهات
Documents	اسناد	اسناد	المستندات
Newest first	جدیدترین نخست	لومړی نوي	الأحدث أولاً
Oldest first	قدیمی‌ترین نخست	لومړی زاړه	الأقدم أولاً
Name A–Z	نام به ترتیب الفبا	نوم د الفبا په ترتیب	الاسم أبجدياً
Largest first	بزرگ‌ترین نخست	لومړی لوی	الأكبر أولاً
Saved	ذخیره‌شده	خوندي شوی	محفوظ
No results	نتیجه‌ای نیست	پایله نشته	لا نتائج
OK	تأیید	سمه ده	موافق
Your story, one beautiful page at a time.	داستان شما، صفحه به صفحه.	ستاسو کیسه، پاڼه په پاڼه.	قصتك صفحة تلو الأخرى.
One visual identity. Every page, beautifully connected.	هویت دیداری هماهنگ در همه صفحه‌ها.	په ټولو پاڼو کې یو شان لیدیز هویت.	هوية بصرية متناسقة في جميع الصفحات.
A home for your photos, files, and everyday inspiration.	خانه‌ای برای تصاویر، فایل‌ها و ایده‌های شما.	ستاسو د انځورونو، دوتنو او فکرونو کور.	موطن لصورك وملفاتك وأفكارك.
Good ideas are worth using again.	ایده‌های خوب ارزش استفاده دوباره دارند.	ښه فکرونه د بیا کارولو وړ دي.	الأفكار الجيدة تستحق إعادة الاستخدام.
Different languages. The same thoughtful experience.	زبان‌های متفاوت، تجربه‌ای هماهنگ.	بېلابېلې ژبې، یو شان تجربه.	لغات مختلفة وتجربة متناسقة.
A local experience for a global audience.	تجربه محلی برای مخاطبان جهانی.	د نړیوالو لیدونکو لپاره محلي تجربه.	تجربة محلية لجمهور عالمي.
Help your visitors find their way.	به بازدیدکنندگان در یافتن مسیر کمک کنید.	له لیدونکو سره د لارې په موندلو کې مرسته وکړئ.	ساعد زوارك على الوصول.
All the little details that make this website yours.	تمام جزئیاتی که وب‌سایت را متعلق به شما می‌سازند.	هغه ټول جزیات چې وېبپاڼه ستاسو کوي.	كل التفاصيل التي تجعل الموقع خاصاً بك.
Your header, footer, announcement and call to action. Shared everywhere.	سرصفحه، پاصفحه، اطلاعیه و دعوت به اقدام؛ مشترک در همه جا.	سرلیک، لاندې برخه، خبرتیا او بلنه؛ په هر ځای کې ګډ.	الترويسة والتذييل والإعلان والدعوة؛ مشتركة في كل مكان.
The right people, with the right permissions.	افراد مناسب با دسترسی مناسب.	سم کسان له سمو اجازو سره.	الأشخاص المناسبون بالصلاحيات المناسبة.
A clear picture of what’s happening in your workspace.	نمای روشن از فعالیت‌های فضای کاری.	په کاري ځای کې د فعالیتونو روښانه انځور.	صورة واضحة لنشاط مساحة عملك.
Unable to complete this request.	تکمیل درخواست ممکن نشد.	غوښتنه بشپړه نه شوه.	تعذر إكمال الطلب.
Unable to establish a secure session.	ایجاد نشست امن ممکن نشد.	خوندي ناسته جوړه نه شوه.	تعذر إنشاء جلسة آمنة.
Please sign in to continue.	برای ادامه وارد شوید.	د دوام لپاره ننوځئ.	سجّل الدخول للمتابعة.
You do not have permission to perform this action.	اجازه انجام این کار را ندارید.	تاسو د دې کار اجازه نه لرئ.	ليست لديك صلاحية لهذا الإجراء.
Too many requests. Try again later.	درخواست‌ها زیاد است. بعداً تلاش کنید.	غوښتنې ډېرې دي. وروسته هڅه وکړئ.	طلبات كثيرة. حاول لاحقاً.
The server returned an unexpected response. Check the backend connection.	پاسخ سرور نامنتظره بود. اتصال سرور را بررسی کنید.	د سرور ځواب ناڅاپي و. د سرور اړیکه وګورئ.	استجابة غير متوقعة. تحقق من اتصال الخادم.
Check the form fields and try again.	فیلدهای فرم را بررسی و دوباره تلاش کنید.	د فورم ډګرونه وګورئ او بیا هڅه وکړئ.	تحقق من حقول النموذج وحاول مجدداً.
This record changed. Reload before saving.	رکورد تغییر کرده است. پیش از ذخیره دوباره بارگذاری کنید.	ثبت بدل شوی دی. له خوندي کولو مخکې یې بیا پورته کړئ.	تغير السجل. أعد تحميله قبل الحفظ.
Product changed. Reload before saving.	محصول تغییر کرده است. پیش از ذخیره دوباره بارگذاری کنید.	محصول بدل شوی دی. له خوندي کولو مخکې یې بیا پورته کړئ.	تغير المنتج. أعد تحميله قبل الحفظ.
Order changed. Reload before saving.	سفارش تغییر کرده است. پیش از ذخیره دوباره بارگذاری کنید.	سپارښتنه بدله شوې ده. له خوندي کولو مخکې یې بیا پورته کړئ.	تغير الطلب. أعد تحميله قبل الحفظ.
A product is unavailable.	یک محصول در دسترس نیست.	یو محصول نشته.	أحد المنتجات غير متاح.
Checkout key already used for different details.	شناسه سفارش برای جزئیات دیگری استفاده شده است.	د سپارښتنې کیلي د نورو جزیاتو لپاره کارول شوې ده.	استُخدم مفتاح الطلب لتفاصيل مختلفة.
Invalid order transition.	تغییر وضعیت سفارش مجاز نیست.	د سپارښتنې حالت داسې نه شي بدلېدای.	تغيير حالة الطلب غير مسموح.
Paid orders require manual refund reconciliation before cancellation.	پیش از لغو سفارش پرداخت‌شده، بازپرداخت باید دستی تسویه شود.	د ورکړل شوې سپارښتنې له لغوه کولو مخکې بېرته ورکړه باید په لاس حساب شي.	الطلبات المدفوعة تتطلب تسوية استرداد يدوية قبل الإلغاء.
Refunds require an external reconciliation workflow.	بازپرداخت به تسویه خارج از این سیستم نیاز دارد.	بېرته ورکړه له دې سیسټم څخه بهر حساب غواړي.	الاسترداد يتطلب تسوية خارج النظام.
This link is invalid or expired. Request a new email.	پیوند نامعتبر یا منقضی است. ایمیل تازه بخواهید.	تړونی ناسم یا زوړ دی. نوی برېښنالیک وغواړئ.	الرابط غير صالح أو منتهي. اطلب رسالة جديدة.
Email could not be sent. Please try again later.	ایمیل ارسال نشد. بعداً تلاش کنید.	برېښنالیک ونه لېږل شو. وروسته هڅه وکړئ.	تعذر إرسال البريد. حاول لاحقاً.
Insufficient stock for {name}	موجودی کافی برای {name} نیست	د {name} لپاره کافي زېرمه نشته	المخزون غير كافٍ للمنتج {name}
Delete “{name}”?	«{name}» حذف شود؟	«{name}» ړنګ شي؟	حذف «{name}»؟
All folders	همه پوشه‌ها	ټولې پوښۍ	كل المجلدات
All types	همه نوع‌ها	ټول ډولونه	كل الأنواع
Learn more	بیشتر بدانید	نور معلومات	اعرف المزيد
New link	پیوند جدید	نوی تړونی	رابط جديد
Top level	سطح اصلی	اصلي کچه	المستوى الأعلى
Unfiled	بدون پوشه	بې پوښۍ	غير مصنف
العربية	العربية	العربية	العربية
دری	دری	دری	دری
پښتو	پښتو	پښتو	پښتو
Dari / Farsi	دری / فارسی	دري / فارسي	الدارية / الفارسية
Pashto	پشتو	پښتو	البشتوية
Arabic	عربی	عربي	العربية
Light	روشن	روښانه	فاتح
Dark	تیره	تیاره	داكن
System	سیستم	سیستم	النظام
Loading working copy…	در حال بارگذاری نسخه کاری…	کاري کاپي پورته کېږي…	جارٍ تحميل نسخة العمل…
Conflict · your local changes are preserved	تداخل · تغییرات محلی شما حفظ شده‌اند	ټکر · ستاسو محلي بدلونونه ساتل شوي	تعارض · تغييراتك المحلية محفوظة
Not saved · check your connection or page fields	ذخیره نشد · اتصال یا فیلدهای صفحه را بررسی کنید	خوندي نه شو · اړیکه یا د پاڼې ډګرونه وګورئ	لم يُحفظ · تحقق من الاتصال أو حقول الصفحة
A saved working copy is available	نسخه کاری ذخیره‌شده موجود است	خوندي کاري کاپي شته	نسخة عمل محفوظة متاحة
Recovered locally · review before publishing	بازیابی محلی · پیش از انتشار بررسی کنید	محلي بېرته راوستل شو · له خپرولو مخکې یې وګورئ	استُعيد محلياً · راجع قبل النشر
Unsaved changes · autosave pending	تغییرات ذخیره‌نشده · در انتظار ذخیره خودکار	ناخوندي بدلونونه · اتومات خوندي کولو ته په تمه	تغييرات غير محفوظة · بانتظار الحفظ التلقائي
Saving working copy…	در حال ذخیره نسخه کاری…	کاري کاپي خوندي کېږي…	جارٍ حفظ نسخة العمل…
Working copy saved · live page unchanged	نسخه کاری ذخیره شد · صفحه زنده تغییر نکرد	کاري کاپي خوندي شوه · ژوندۍ پاڼه نه ده بدله	حُفظت نسخة العمل · الصفحة المنشورة لم تتغير
Publication scheduled	انتشار زمان‌بندی شد	خپرول مهالویش شول	تمت جدولة النشر
Published successfully	با موفقیت منتشر شد	په بریالیتوب خپور شو	نُشر بنجاح
Add a description to help people discover this page.	برای کمک به یافتن صفحه توضیحی بنویسید.	د پاڼې موندلو لپاره تشریح ولیکئ.	أضف وصفاً يساعد على اكتشاف الصفحة.
Your work, saved.	کار شما ذخیره شد.	ستاسو کار خوندي شو.	تم حفظ عملك.
Select this layout, then add a block	این چیدمان را انتخاب و سپس بلوک اضافه کنید	دا جوړښت وټاکئ، بیا بلاک زیات کړئ	حدد هذا التخطيط ثم أضف كتلة
Add a direct MP4 or WEBM video URL.	نشانی مستقیم ویدیوی MP4 یا WEBM را اضافه کنید.	د MP4 یا WEBM ویډیو مستقیمه پته زیاته کړئ.	أضف رابط فيديو مباشر بصيغة MP4 أو WEBM.
Cannot reach the CMS API. Start the backend on port 8000, then reload this page.	به API سیستم مدیریت محتوا دسترسی نیست. سرور را روی پورت ۸۰۰۰ اجرا کنید و این صفحه را دوباره بار کنید.	د CMS API سره اړیکه نه شي ټینګېدای. سرور په ۸۰۰۰ پورټ باندې پیل کړئ او دا پاڼه بیا بار کړئ.	تعذر الوصول إلى واجهة API لنظام إدارة المحتوى. شغّل الخادم على المنفذ 8000 ثم أعد تحميل هذه الصفحة.
